{
	"fixed": {
		"folder": "places/folder",
		"unknown": "mime/unknown"
	},
	"absolute": {
		"inherit": false,
		"C:/trash": "places/trash-full",
		"C:/system": "places/folder-sys",
		"C:/system/wupd": "places/folder-update",
		"C:/system/wupd/rootfs.sys": "mime/w96-update",
		"C:/system/wupd/sys_dl.lock": "mime/w96-update",
		"W:/system": "places/folder-sys",
		"W:/system/libraries/kernel/sys-base/kernel.js": "objects/skull"
	},
	"assoc": {
		"inherit": false,
		".sys": "mime/binary",
		".txt": "mime/text",
		".html": "mime/html",
		".c": "mime/code-c",
		".h": "mime/code-h",
		".css": "mime/css",
		".obj": "mime/object",
		".js": "mime/js",
		".md": "mime/markdown",
		".bmp": "mime/image-bmp",
		".png": "mime/image-png",
		".jpg": "mime/image-jpg",
		".mp3": "mime/audio-music",
		".flac": "mime/audio-music",
		".ogg": "mime/audio-music",
		".mp4": "mime/video",
		".webm": "mime/video",
		".mov": "mime/video",
		".lnk": "mime/ms-shortcut",
		".ttf": "mime/ttf",
		".otf": "mime/otf",
		".url": "mime/url",
		".zip": "mime/zip",
		".flv": "mime/superplayer-swf",
		".img": "devices/hdd",
		".vhd": "devices/hdd",
		".json": "mime/config",
		".ini": "mime/config",
		".inf": "mime/config",
		".nes": "mime/nes-rom",
		".wat": "mime/wasm",
		".wasm": "mime/wasm",
		".wast": "mime/wasm",
		".iso": "mime/iso",
		".exe": "mime/executable",
		".wex": "mime/executable",
		".swf": "mime/superplayer-swf",
		".cbg": "mime/theme-cbg",
		".gif": "mime/unknown",
		".dwp": "mime/dynamic-wallpaper",
		".avif": "mime/avif",
		".jxl": "mime/jxl",
		".bin": "mime/binary",
		".pdf": "mime/pdf",
		".sh": "mime/code",
		".perl": "mime/code",
		".py": "mime/python-src",
		".pyc": "mime/python-obj",
		".pyo": "mime/python-obj",
		".pyd": "mime/python-obj",
		"vmlinux": "misc/linux",
		"vmlinuz": "misc/linux",
		"bzImage": "misc/linux",
		"zImage": "misc/linux",
		"NTLDR": "objects/skull",
		"bootmgr": "objects/skull",
		".vhd": "devices/hdd",
		".qcow2": "devices/hdd",
		".vdi": "devices/hdd",
		".wim": "devices/hdd",
		".sdi": "devices/hdd",
		".not": "apps/sticky",
		".ts": "mime/ts",
		".wmx": "apps/vm",
		".wms": "devices/memory",
		".apk": "mime/android-package",
		".svg": "mime/svg",
		".mod": "mime/audio-music",
		".xm": "mime/audio-music",
		".scs": "mime/scm",
		".scm": "mime/scm",
		".sl": "apps/syslog",
		".flp": "mime/floppy-image"
	},
	"named": {
		"inherit": false,
		"exec": "mime/executable",
		"info": "status/info"
	}
}