{"name":"diskman","friendlyName":"Disk Manager","description":"h","author":"painscreen","category":"cli","version":1.5,"installedSize":0,"downloadSize":0,"feature_requirements":[],"min_os_version":300000,"max_os_version":400000,"depends":[],"iconFiles":{"32x32":"https://ihategithub9000.github.io/PackageManagerRepo/pakages/diskman/32x32.png","16x16":"https://ihategithub9000.github.io/PackageManagerRepo/pakages/diskman/16x16.png"},"repo":"https://ihategithub9000.github.io/PackageManagerRepo","repoIndex":0,"repoId":"stuffs","readmeFile":"","packageRoot":"https://ihategithub9000.github.io/PackageManagerRepo/pakages/diskman","zKeys":["unpack/","unpack/root/","unpack/root/system/","unpack/root/system/local/","unpack/root/system/local/bin/","unpack/root/system/local/bin/diskman"]}