{"name":"96hub","friendlyName":"96Hub Community Edition","description":"96Hub, modded by the community, for the community!","author":"NanderTGA (https://nandertga.ddns.net)","category":"accessories","version":1,"installedSize":0,"downloadSize":0,"feature_requirements":[],"min_os_version":300000,"max_os_version":9999999,"depends":[],"iconFiles":{"32x32":"https://nandertga.ddns.net/w96-packages/dist/9/96hub/icon32.png","16x16":"https://nandertga.ddns.net/w96-packages/dist/9/96hub/icon16.png"},"repo":"https://nandertga.ddns.net/w96-packages","repoIndex":1,"repoId":"nander96","readmeFile":"","packageRoot":"https://nandertga.ddns.net/w96-packages/dist/9/96hub","zKeys":["unpack/","unpack/root/","unpack/root/system/","unpack/root/system/local/","unpack/root/system/local/bin/","unpack/root/system/local/bin/96hub","unpack/root/system/programs/","unpack/root/system/programs/Accessories/","unpack/root/system/programs/Accessories/96Hub.link"]}