{"name":"bbase64","friendlyName":"Better Base64","description":"This one can encode and decode unicode","author":"a73 (a73#0034)","category":"utilities","version":1.2,"installedSize":0,"downloadSize":0,"feature_requirements":[],"min_os_version":300000,"max_os_version":9999999,"depends":[],"iconFiles":{"32x32":"https://nandertga.ddns.net/w96-packages/dist/b/bbase64/icon32.png","16x16":"https://nandertga.ddns.net/w96-packages/dist/b/bbase64/icon16.png"},"repo":"https://nandertga.ddns.net/w96-packages","repoIndex":1,"repoId":"nander96","readmeFile":"","packageRoot":"https://nandertga.ddns.net/w96-packages/dist/b/bbase64","zKeys":["unpack/","unpack/root/","unpack/root/system/","unpack/root/system/local/","unpack/root/system/local/bin/","unpack/root/system/local/bin/bbase64","unpack/root/system/programs/","unpack/root/system/programs/Utility/","unpack/root/system/programs/Utility/Better Base64.link"]}