{"name":"dualbootwizard","friendlyName":"Dualboot Wizard","description":"Helps you manage multiple partitions. V3 ONLY!","author":"NanderTGA (https://nandertga.ddns.net)","category":"utilities","version":1,"installedSize":0,"downloadSize":0,"feature_requirements":[],"min_os_version":300000,"max_os_version":9999999,"depends":[],"iconFiles":{"32x32":"https://nandertga.ddns.net/w96-packages/dist/d/dualbootwizard/icon32.png","16x16":"https://nandertga.ddns.net/w96-packages/dist/d/dualbootwizard/icon16.png"},"repo":"https://nandertga.ddns.net/w96-packages","repoIndex":1,"repoId":"nander96","readmeFile":"","packageRoot":"https://nandertga.ddns.net/w96-packages/dist/d/dualbootwizard","zKeys":["unpack/package_dir/","unpack/package_dir/cyberpunk.mp3","unpack/root/","unpack/root/system/","unpack/root/system/local/","unpack/root/system/local/bin/","unpack/root/system/local/bin/dualbootwizard","unpack/root/system/programs/","unpack/root/system/programs/Utility/","unpack/root/system/programs/Utility/Dualboot wizard.link"]}