{"name":"ms-nostalgic-wallpapers","friendlyName":"Microsoft Nostalgic Backgrounds","description":"The nostalgic Microsoft Teams backgrounds, now including the original bliss wallpaper!","author":"Microsoft (https://microsoft.com)","category":"other","version":1.1,"installedSize":0,"downloadSize":0,"feature_requirements":[],"min_os_version":2.2776,"max_os_version":9999999,"depends":[],"iconFiles":{"32x32":"https://nandertga.ddns.net/w96-packages/dist/m/ms-nostalgic-wallpapers/icon32.png","16x16":"https://nandertga.ddns.net/w96-packages/dist/m/ms-nostalgic-wallpapers/icon16.png"},"repo":"https://nandertga.ddns.net/w96-packages","repoIndex":1,"repoId":"nander96","readmeFile":"","packageRoot":"https://nandertga.ddns.net/w96-packages/dist/m/ms-nostalgic-wallpapers","zKeys":["unpack/root/","unpack/root/system/","unpack/root/system/wallpapers/","unpack/root/system/wallpapers/Bliss_4K.jpg","unpack/root/system/wallpapers/Nostalgic Bliss.jpg","unpack/root/system/wallpapers/Nostalgic Clippy.jpg","unpack/root/system/wallpapers/Nostalgic Paint.jpg","unpack/root/system/wallpapers/Nostalgic Solitaire.jpg"]}