{"name":"repo-mount","friendlyName":"Repository Mount","description":"Mounts NanderTGA&#039;s repository as a drive.","author":"NanderTGA (https://nandertga.ddns.net)","category":"utilities","version":1,"installedSize":0,"downloadSize":0,"feature_requirements":[],"min_os_version":2.2776,"max_os_version":9999999,"depends":[],"iconFiles":{"32x32":"https://windows96.net/system/resource/icons/win96/32x32/devices/hdd.png","16x16":"https://windows96.net/system/resource/icons/win96/16x16/devices/hdd.png"},"repo":"https://nandertga.ddns.net/w96-packages","repoIndex":1,"repoId":"nander96","readmeFile":"","packageRoot":"https://nandertga.ddns.net/w96-packages/dist/r/repo-mount","zKeys":["scripts/install.js","unpack/root/","unpack/root/system/","unpack/root/system/boot/","unpack/root/system/boot/repo-mount.js"]}