{"name":"scandium","friendlyName":"Scandium","description":"Another iframe browser","author":"a73 (a73#0034)","category":"other","version":1.2,"installedSize":0,"downloadSize":0,"feature_requirements":[],"min_os_version":300000,"max_os_version":9999999,"depends":[],"iconFiles":{"32x32":"https://nandertga.ddns.net/w96-packages/dist/s/scandium/icon32.png","16x16":"https://nandertga.ddns.net/w96-packages/dist/s/scandium/icon16.png"},"repo":"https://nandertga.ddns.net/w96-packages","repoIndex":1,"repoId":"nander96","readmeFile":"","packageRoot":"https://nandertga.ddns.net/w96-packages/dist/s/scandium","zKeys":["unpack/root/","unpack/root/system/","unpack/root/system/local/","unpack/root/system/local/bin/","unpack/root/system/local/bin/scandium","unpack/root/system/programs/","unpack/root/system/programs/Accessories/","unpack/root/system/programs/Accessories/Scandium.link"]}