{"name":"thinkjame","friendlyName":"Thinkjame","description":"Helps you think jame :troll:","author":"ctrli#0420","category":"other","version":1.4,"installedSize":0,"downloadSize":0,"feature_requirements":[],"min_os_version":300000,"max_os_version":9999999,"depends":[],"iconFiles":{"32x32":"https://nandertga.ddns.net/w96-packages/dist/t/thinkjame/icon32.png","16x16":"https://nandertga.ddns.net/w96-packages/dist/t/thinkjame/icon16.png"},"repo":"https://nandertga.ddns.net/w96-packages","repoIndex":1,"repoId":"nander96","readmeFile":"","packageRoot":"https://nandertga.ddns.net/w96-packages/dist/t/thinkjame","zKeys":["unpack/","unpack/system/","unpack/system/local/","unpack/system/local/bin/","unpack/system/local/bin/thinkjame","unpack/system/programs/","unpack/system/programs/Entertainment/","unpack/system/programs/Entertainment/Thinkjame.link"]}