{"name":"w96-all-apps-meta","friendlyName":"All apps on Nander his repository","description":"Installs every package from Nander&#039;s repository. This package can&#039;t install packages from other repos anymore due to technical reasons.","author":"NanderTGA (https://nandertga.ddns.net)","category":"other","version":1.4,"installedSize":0,"downloadSize":0,"feature_requirements":[],"min_os_version":300000,"max_os_version":9999999,"depends":["thinkjame","ms-nostalgic-wallpapers","woozy-clicker","scandium","bbase64","repo-mount","dualbootwizard","96hub"],"iconFiles":{"32x32":"https://packages.windows96.net/r3-main/dist/w/w96-wallpapers-meta/icon32.png","16x16":"https://packages.windows96.net/r3-main/dist/w/w96-wallpapers-meta/icon16.png"},"repo":"https://nandertga.ddns.net/w96-packages","repoIndex":1,"repoId":"nander96","readmeFile":"","packageRoot":"https://nandertga.ddns.net/w96-packages/dist/w/w96-all-apps-meta","zKeys":["README.txt"]}