{"name":"woozy-clicker","friendlyName":"Woozy Clicker","description":"Basic clicker game","author":"a73 (a73#0034)","category":"entertainment","version":1.1,"installedSize":0,"downloadSize":0,"feature_requirements":[],"min_os_version":300000,"max_os_version":9999999,"depends":[],"iconFiles":{"32x32":"https://nandertga.ddns.net/w96-packages/dist/w/woozy-clicker/icon32.png","16x16":"https://nandertga.ddns.net/w96-packages/dist/w/woozy-clicker/icon16.png"},"repo":"https://nandertga.ddns.net/w96-packages","repoIndex":1,"repoId":"nander96","readmeFile":"","packageRoot":"https://nandertga.ddns.net/w96-packages/dist/w/woozy-clicker","zKeys":["unpack/","unpack/root/","unpack/root/system/","unpack/root/system/local/","unpack/root/system/local/bin/","unpack/root/system/local/bin/woozyclicker","unpack/root/system/programs/","unpack/root/system/programs/Entertainment/","unpack/root/system/programs/Entertainment/Woozy Clicker.link"]}