["c:/user/desktop",{"top":2,"left":3},"c:/user/desktop",{"top":76,"left":3},"c:/user/desktop",{"top":150,"left":3},"C:/user/desktop/Docs",{"top":224,"left":3},"C:/user/desktop/Doordisc.link",{"top":298,"left":3},"C:/user/desktop/Gameing.link",{"top":372,"left":3},"C:/user/desktop/MsgRoom.link",{"top":446,"left":3},"C:/user/desktop/Package Manager.link",{"top":520,"left":3},"C:/user/desktop/Report Bug.link",{"top":594,"left":3},"C:/user/desktop/Settings.link",{"top":2,"left":78},"C:/user/desktop/Terminal.link",{"top":76,"left":78},"C:/user/desktop/WELCOME.md",{"top":150,"left":78},"C:/user/desktop/Windows_96_Activation_wizard",{"top":224,"left":78},"c:/user/desktop",{"top":2,"left":3},"c:/user/desktop",{"top":76,"left":3},"c:/user/desktop",{"top":150,"left":3},"C:/user/desktop/Docs",{"top":224,"left":3},"C:/user/desktop/Doordisc.link",{"top":298,"left":3},"C:/user/desktop/Gameing.link",{"top":372,"left":3},"C:/user/desktop/MsgRoom.link",{"top":446,"left":3},"C:/user/desktop/Package Manager.link",{"top":520,"left":3},"C:/user/desktop/Report Bug.link",{"top":594,"left":3},"C:/user/desktop/Settings.link",{"top":2,"left":78},"C:/user/desktop/Terminal.link",{"top":76,"left":78},"C:/user/desktop/WELCOME.md",{"top":150,"left":78},"c:/user/desktop",{"top":2,"left":3},"c:/user/desktop",{"top":76,"left":3},"c:/user/desktop",{"top":150,"left":3},"C:/user/desktop/Docs",{"top":224,"left":3},"C:/user/desktop/Doordisc.link",{"top":298,"left":3},"C:/user/desktop/Gameing.link",{"top":372,"left":3},"C:/user/desktop/Link to (W).link",{"top":446,"left":3},"C:/user/desktop/MsgRoom.link",{"top":520,"left":3},"C:/user/desktop/Package Manager.link",{"top":594,"left":3},"C:/user/desktop/Report Bug.link",{"top":2,"left":78},"C:/user/desktop/Settings.link",{"top":76,"left":78},"C:/user/desktop/Terminal.link",{"top":150,"left":78},"C:/user/desktop/WELCOME.md",{"top":224,"left":78},{"name":"experiments.json","pos":{"x":447,"y":51,"left":447,"top":51}},"c:/user/desktop",{"top":2,"left":3},"c:/user/desktop",{"top":76,"left":3},"c:/user/desktop",{"top":150,"left":3},"C:/user/desktop/Docs",{"top":224,"left":3},"C:/user/desktop/Doordisc.link",{"top":298,"left":3},"C:/user/desktop/Gameing.link",{"top":372,"left":3},"C:/user/desktop/Link to (W).link",{"top":446,"left":3},"C:/user/desktop/MsgRoom.link",{"top":520,"left":3},"C:/user/desktop/Package Manager.link",{"top":594,"left":3},"C:/user/desktop/Report Bug.link",{"top":2,"left":78},"C:/user/desktop/Settings.link",{"top":76,"left":78},"C:/user/desktop/Terminal.link",{"top":150,"left":78},"C:/user/desktop/WELCOME.md",{"top":224,"left":78},"c:/user/desktop",{"top":2,"left":3},"c:/user/desktop",{"top":76,"left":3},"c:/user/desktop",{"top":150,"left":3},"C:/user/desktop/Docs",{"top":224,"left":3},"C:/user/desktop/Doordisc.link",{"top":298,"left":3},"C:/user/desktop/Gameing.link",{"top":372,"left":3},"C:/user/desktop/Link to (W).link",{"top":446,"left":3},"C:/user/desktop/MsgRoom.link",{"top":520,"left":3},"C:/user/desktop/Package Manager.link",{"top":594,"left":3},"C:/user/desktop/Report Bug.link",{"top":2,"left":78},"C:/user/desktop/Settings.link",{"top":76,"left":78},"C:/user/desktop/Terminal.link",{"top":150,"left":78},"C:/user/desktop/WELCOME.md",{"top":224,"left":78},{"name":"KERNEL.js","pos":{"x":327,"y":78,"left":327,"top":78}},"c:/user/desktop",{"top":2,"left":3},"c:/user/desktop",{"top":76,"left":3},"c:/user/desktop",{"top":150,"left":3},"c:/user/desktop",{"top":2,"left":3},"c:/user/desktop",{"top":76,"left":3},"c:/user/desktop",{"top":150,"left":3},"C:/user/desktop/Link to (W).link",{"top":224,"left":3},"c:/user/desktop",{"top":2,"left":3},"c:/user/desktop",{"top":76,"left":3},"c:/user/desktop",{"top":150,"left":3},"C:/user/desktop/Link to (W).link",{"top":298,"left":3},"c:/user/desktop",{"top":2,"left":3},"c:/user/desktop",{"top":76,"left":3},"c:/user/desktop",{"top":150,"left":3},"C:/user/desktop/Link to (W).link",{"top":298,"left":3},"c:/user/desktop",{"top":2,"left":3},"c:/user/desktop",{"top":76,"left":3},"c:/user/desktop",{"top":150,"left":3},"C:/user/desktop/Link to (W).link",{"top":298,"left":3},{"name":"Link to bin.link","pos":{"x":4,"y":209,"left":4,"top":209}},"c:/user/desktop",{"top":2,"left":3},"c:/user/desktop",{"top":76,"left":3},"c:/user/desktop",{"top":150,"left":3},"C:/user/desktop/Link to (W).link",{"top":298,"left":3},"c:/user/desktop",{"top":2,"left":3},"c:/user/desktop",{"top":76,"left":3},"c:/user/desktop",{"top":150,"left":3},"c:/user/desktop",{"top":2,"left":3},"c:/user/desktop",{"top":76,"left":3},"c:/user/desktop",{"top":150,"left":3},"C:/user/desktop/Binaries",{"top":224,"left":3},"c:/user/desktop",{"top":2,"left":3},"c:/user/desktop",{"top":76,"left":3},"c:/user/desktop",{"top":150,"left":3},"C:/user/desktop/Binaries.link",{"top":224,"left":3},"c:/user/desktop",{"top":2,"left":3},"c:/user/desktop",{"top":76,"left":3},"c:/user/desktop",{"top":150,"left":3},"C:/user/desktop/Binaries.link",{"top":224,"left":3},"c:/user/desktop",{"top":2,"left":3},"c:/user/desktop",{"top":76,"left":3},"c:/user/desktop",{"top":150,"left":3},"C:/user/desktop/Binaries.link",{"top":224,"left":3},{"name":"Link to systemlog.link","pos":{"top":348,"left":8}},"c:/user/desktop",{"top":2,"left":3},"c:/user/desktop",{"top":76,"left":3},"c:/user/desktop",{"top":150,"left":3},"C:/user/desktop/Binaries.link",{"top":224,"left":3},"C:/user/desktop/System Log.link",{"top":372,"left":3},"c:/user/desktop",{"top":2,"left":3},"c:/user/desktop",{"top":76,"left":3},"c:/user/desktop",{"top":150,"left":3},"C:/user/desktop/Binaries.link",{"top":224,"left":3},"C:/user/desktop/devenv",{"top":298,"left":3},"c:/user/desktop",{"top":2,"left":3},"c:/user/desktop",{"top":76,"left":3},"c:/user/desktop",{"top":150,"left":3},"C:/user/desktop/Binaries.link",{"top":224,"left":3},"C:/user/desktop/devenv",{"top":298,"left":3},{"name":"devenv","pos":{"top":350,"left":8}},{"name":"System Log.link","pos":{"top":421,"left":9}},"c:/user/desktop",{"top":2,"left":3},"c:/user/desktop",{"top":76,"left":3},"c:/user/desktop",{"top":150,"left":3},"C:/user/desktop/Binaries.link",{"top":224,"left":3},"c:/user/desktop",{"top":2,"left":3},"c:/user/desktop",{"top":76,"left":3},"c:/user/desktop",{"top":150,"left":3},"C:/user/desktop/Binaries.link",{"top":224,"left":3},"C:/user/desktop/systemlog",{"top":446,"left":3},"c:/user/desktop",{"top":2,"left":3},"c:/user/desktop",{"top":76,"left":3},"c:/user/desktop",{"top":150,"left":3},"C:/user/desktop/Binaries.link",{"top":224,"left":3},"C:/user/desktop/systemlog",{"top":446,"left":3},{"name":"systemlog","pos":{"top":407,"left":0}},"c:/user/desktop",{"top":2,"left":3},"c:/user/desktop",{"top":76,"left":3},"c:/user/desktop",{"top":150,"left":3},"C:/user/desktop/Binaries.link",{"top":224,"left":3},"C:/user/desktop/Log",{"top":372,"left":3},"C:/user/desktop/longporn2.1.zip",{"top":446,"left":3},"C:/user/desktop/Mikesoft™ Devenv",{"top":520,"left":3},"c:/user/desktop",{"top":2,"left":3},"c:/user/desktop",{"top":76,"left":3},"c:/user/desktop",{"top":150,"left":3},"C:/user/desktop/Binaries.link",{"top":224,"left":3},"C:/user/desktop/Log",{"top":372,"left":3},"C:/user/desktop/longporn2.1.zip",{"top":446,"left":3},"C:/user/desktop/Mikesoft™ Devenv",{"top":520,"left":3},{"name":"longporn2.1.zip","pos":{"top":185,"left":113}},"c:/user/desktop",{"top":2,"left":3},"c:/user/desktop",{"top":76,"left":3},"c:/user/desktop",{"top":150,"left":3},"C:/user/desktop/Docs",{"top":224,"left":3},"C:/user/desktop/Binaries.link",{"top":298,"left":3},"C:/user/desktop/Doordisc.link",{"top":372,"left":3},"C:/user/desktop/Gameing.link",{"top":446,"left":3},"C:/user/desktop/Log",{"top":594,"left":3},"C:/user/desktop/Mikesoft™ Devenv",{"top":2,"left":78},"C:/user/desktop/MsgRoom.link",{"top":76,"left":78},"C:/user/desktop/Package Manager.link",{"top":150,"left":78},"C:/user/desktop/poweredit",{"top":224,"left":78},"C:/user/desktop/PowerUser96 Installer",{"top":298,"left":78},"C:/user/desktop/pu96flags",{"top":372,"left":78},"C:/user/desktop/Report Bug.link",{"top":446,"left":78},"C:/user/desktop/Server 2003.zip",{"top":520,"left":78},"C:/user/desktop/Settings.link",{"top":594,"left":78},"C:/user/desktop/Terminal.link",{"top":2,"left":153},"C:/user/desktop/uninstaller",{"top":76,"left":153},"C:/user/desktop/WELCOME.md",{"top":150,"left":153},"C:/user/desktop/Windows_96_Activation_wizard",{"top":224,"left":153},{"name":"lastboot.html","pos":{"top":520,"left":-3}},"c:/user/desktop",{"top":2,"left":3},"c:/user/desktop",{"top":76,"left":3},"c:/user/desktop",{"top":150,"left":3},"C:/user/desktop/Docs",{"top":224,"left":3},"C:/user/desktop/Binaries.link",{"top":298,"left":3},"C:/user/desktop/Doordisc.link",{"top":372,"left":3},"C:/user/desktop/Gameing.link",{"top":446,"left":3},"C:/user/desktop/Log",{"top":594,"left":3},"C:/user/desktop/Mikesoft™ Devenv",{"top":668,"left":3},"C:/user/desktop/MsgRoom.link",{"top":2,"left":78},"C:/user/desktop/Package Manager.link",{"top":76,"left":78},"C:/user/desktop/poweredit",{"top":150,"left":78},"C:/user/desktop/pu96flags",{"top":224,"left":78},"C:/user/desktop/README.txt",{"top":298,"left":78},"C:/user/desktop/Report Bug.link",{"top":372,"left":78},"C:/user/desktop/Settings.link",{"top":446,"left":78},"C:/user/desktop/start_button.png",{"top":520,"left":78},"C:/user/desktop/start_button_hover.png",{"top":594,"left":78},"C:/user/desktop/Terminal.link",{"top":668,"left":78},"C:/user/desktop/uninstaller",{"top":2,"left":153},"C:/user/desktop/WELCOME.md",{"top":76,"left":153},"C:/user/desktop/WinAero96-Beta-Rel1.zip",{"top":150,"left":153},"c:/user/desktop",{"top":2,"left":3},"c:/user/desktop",{"top":76,"left":3},"c:/user/desktop",{"top":150,"left":3},"C:/user/desktop/Docs",{"top":298,"left":3},"C:/user/desktop/Binaries.link",{"top":372,"left":3},"C:/user/desktop/Doordisc.link",{"top":446,"left":3},"C:/user/desktop/Gameing.link",{"top":520,"left":3},"C:/user/desktop/Log",{"top":668,"left":3},"C:/user/desktop/Mikesoft™ Devenv",{"top":2,"left":78},"C:/user/desktop/MsgRoom.link",{"top":76,"left":78},"C:/user/desktop/Package Manager.link",{"top":150,"left":78},"C:/user/desktop/poweredit",{"top":224,"left":78},"C:/user/desktop/pu96flags",{"top":298,"left":78},"C:/user/desktop/README.txt",{"top":372,"left":78},"C:/user/desktop/Report Bug.link",{"top":446,"left":78},"C:/user/desktop/Settings.link",{"top":520,"left":78},"C:/user/desktop/start_button.png",{"top":594,"left":78},"C:/user/desktop/start_button_hover.png",{"top":668,"left":78},"C:/user/desktop/Terminal.link",{"top":2,"left":153},"C:/user/desktop/uninstaller",{"top":76,"left":153},"C:/user/desktop/WELCOME.md",{"top":150,"left":153},"C:/user/desktop/WinAero96-Beta-Rel1.zip",{"top":224,"left":153},"c:/user/desktop",{"top":2,"left":3},"c:/user/desktop",{"top":76,"left":3},"c:/user/desktop",{"top":150,"left":3},"C:/user/desktop/Docs",{"top":298,"left":3},"C:/user/desktop/Binaries.link",{"top":372,"left":3},"C:/user/desktop/Doordisc.link",{"top":446,"left":3},"C:/user/desktop/Gameing.link",{"top":520,"left":3},"C:/user/desktop/Log",{"top":668,"left":3},"C:/user/desktop/Mikesoft™ Devenv",{"top":2,"left":78},"C:/user/desktop/MsgRoom.link",{"top":76,"left":78},"C:/user/desktop/Package Manager.link",{"top":150,"left":78},"C:/user/desktop/poweredit",{"top":224,"left":78},"C:/user/desktop/pu96flags",{"top":298,"left":78},"C:/user/desktop/README.txt",{"top":372,"left":78},"C:/user/desktop/Report Bug.link",{"top":446,"left":78},"C:/user/desktop/Settings.link",{"top":520,"left":78},"C:/user/desktop/start_button.png",{"top":594,"left":78},"C:/user/desktop/start_button_hover.png",{"top":668,"left":78},"C:/user/desktop/Terminal.link",{"top":2,"left":153},"C:/user/desktop/uninstaller",{"top":76,"left":153},"C:/user/desktop/WELCOME.md",{"top":150,"left":153},"C:/user/desktop/WinAero96-Beta-Rel1.zip",{"top":224,"left":153},{"name":"Community Apps","pos":{"top":635,"left":1138}}]