{
    "id": "icons/folder-settings",
    "path": "assets/models/folder-settings.glb",
    "materials": [
        {
            "name": "Part1",
            "type": "color",
            "mat": "lambert",
            "value": 16576904
        },
        {
            "name": "Part2",
            "type": "color",
            "mat": "lambert",
            "value": 16576904
        },
        {
            "name": "Part3",
            "type": "color",
            "mat": "lambert",
            "value": 1315860
        }
    ]
}