{"name":"3dfe","friendlyName":"3D File Explorer","description":"Browse your local files in 3D!","author":"Windows 96 Team (https://windows96.net)","category":"utilities","version":1,"installedSize":2822523,"downloadSize":1984096,"feature_requirements":[],"min_os_version":300000,"max_os_version":999999999,"depends":[],"iconFiles":{"32x32":"https://packages.windows96.net/r3-main/dist/3/3dfe/icon32.png","16x16":"https://packages.windows96.net/r3-main/dist/3/3dfe/icon16.png"},"repo":"https://packages.windows96.net/r3-main","repoIndex":0,"repoId":"r3-main","readmeFile":"","packageRoot":"https://packages.windows96.net/r3-main/dist/3/3dfe","zKeys":["README.txt","scripts/install.js","scripts/repair.js","scripts/uninstall.js","unpack/root/local/3dfe/3dfe","unpack/root/local/3dfe/assets/CREDITS.txt","unpack/root/local/3dfe/assets/css/3dfe.css","unpack/root/local/3dfe/assets/models/file_generic.glb","unpack/root/local/3dfe/assets/models/file_generic.json","unpack/root/local/3dfe/assets/models/file_html.glb","unpack/root/local/3dfe/assets/models/file_html.json","unpack/root/local/3dfe/assets/models/file_markdown.glb","unpack/root/local/3dfe/assets/models/file_markdown.json","unpack/root/local/3dfe/assets/models/file_wasm.glb","unpack/root/local/3dfe/assets/models/file_wasm.json","unpack/root/local/3dfe/assets/models/folder.glb","unpack/root/local/3dfe/assets/models/folder.json","unpack/root/local/3dfe/assets/models/folder-settings.glb","unpack/root/local/3dfe/assets/models/folder-settings.json","unpack/root/local/3dfe/assets/models/hdd.glb","unpack/root/local/3dfe/assets/models/hdd.json","unpack/root/local/3dfe/assets/models/hdd-network.glb","unpack/root/local/3dfe/assets/models/hdd-network.json","unpack/root/local/3dfe/assets/models/js.glb","unpack/root/local/3dfe/assets/models/js.json","unpack/root/local/3dfe/assets/models/ram.glb","unpack/root/local/3dfe/assets/models/ram.json","unpack/root/local/3dfe/assets/models/shortcut.glb","unpack/root/local/3dfe/assets/models/shortcut.json","unpack/root/local/3dfe/assets/models/trash.glb","unpack/root/local/3dfe/assets/models/trash.json","unpack/root/local/3dfe/assets/models/up.glb","unpack/root/local/3dfe/assets/models/up.json","unpack/root/local/3dfe/bundle.js","unpack/root/local/3dfe/bundle.js.LICENSE.txt","unpack/root/local/3dfe/icon.png","unpack/root/local/3dfe/README.txt","unpack/root/system/programs/Mikesoft 3D/3D File Explorer.link"]}