{"name":"bang","friendlyName":"Bang!","description":"Close and force close any window.","author":"Onofficiel","category":"utilities","version":1,"installedSize":1742,"downloadSize":746,"feature_requirements":[],"min_os_version":300000,"max_os_version":400000,"depends":[],"iconFiles":{"16x16":"https://onofficiel.github.io/w96/dist/bang/icon16.png","32x32":"https://onofficiel.github.io/w96/dist/bang/icon32.png"},"repo":"https://onofficiel.github.io/w96","repoIndex":1,"repoId":"onoff","readmeFile":"","packageRoot":"https://onofficiel.github.io/w96/dist/bang","zKeys":["unpack/root/system/local/bin/bang"]}