{"name":"border","friendlyName":"Border","description":"A simple, multitab and modern web browser.","author":"Onofficiel","category":"accessories","version":110.1,"installedSize":95520,"downloadSize":31218,"feature_requirements":[],"min_os_version":300000,"max_os_version":400000,"depends":[],"iconFiles":{"16x16":"https://onofficiel.github.io/w96/dist/border/icon16.png","32x32":"https://onofficiel.github.io/w96/dist/border/icon32.png"},"repo":"https://onofficiel.github.io/w96","repoIndex":1,"repoId":"onoff","readmeFile":"","packageRoot":"https://onofficiel.github.io/w96/dist/border","zKeys":["scripts/install.js","unpack/root/system/local/bin/border"]}