{"name":"win10-theme","friendlyName":"Windows 10 Theme","description":"A replica of the Windows 10 theme in Windows 96.","author":"Onofficiel | Microsoft","category":"accessories","version":1.1,"installedSize":535012,"downloadSize":463125,"feature_requirements":[],"min_os_version":300000,"max_os_version":400000,"depends":[],"iconFiles":{"16x16":"https://onofficiel.github.io/w96/dist/win10-theme/icon16.png","32x32":"https://onofficiel.github.io/w96/dist/win10-theme/icon32.png"},"repo":"https://onofficiel.github.io/w96","repoIndex":1,"repoId":"onoff","readmeFile":"","packageRoot":"https://onofficiel.github.io/w96/dist/win10-theme","zKeys":["unpack/package_dir/config.json","unpack/root/system/config/search-menu.json","unpack/root/system/resource/icons/win10/16x16/actions/search.png","unpack/root/system/resource/icons/win10/16x16/apps/backupmgr.png","unpack/root/system/resource/icons/win10/16x16/apps/bsod.png","unpack/root/system/resource/icons/win10/16x16/apps/bug.png","unpack/root/system/resource/icons/win10/16x16/apps/chat.png","unpack/root/system/resource/icons/win10/16x16/apps/devmgr.png","unpack/root/system/resource/icons/win10/16x16/apps/explorer.png","unpack/root/system/resource/icons/win10/16x16/apps/iexploder.png","unpack/root/system/resource/icons/win10/16x16/apps/monaco.png","unpack/root/system/resource/icons/win10/16x16/apps/mplayer.png","unpack/root/system/resource/icons/win10/16x16/apps/notron.png","unpack/root/system/resource/icons/win10/16x16/apps/p3.png","unpack/root/system/resource/icons/win10/16x16/apps/p3/connecting.png","unpack/root/system/resource/icons/win10/16x16/apps/p3/error.png","unpack/root/system/resource/icons/win10/16x16/apps/p3/offline.png","unpack/root/system/resource/icons/win10/16x16/apps/p3/online-receive.png","unpack/root/system/resource/icons/win10/16x16/apps/p3/online-send.png","unpack/root/system/resource/icons/win10/16x16/apps/p3/online.png","unpack/root/system/resource/icons/win10/16x16/apps/p3fs.png","unpack/root/system/resource/icons/win10/16x16/apps/p3fs/hosting.png","unpack/root/system/resource/icons/win10/16x16/apps/p3fs/icon.png","unpack/root/system/resource/icons/win10/16x16/apps/pchc.png","unpack/root/system/resource/icons/win10/16x16/apps/pkmgr.png","unpack/root/system/resource/icons/win10/16x16/apps/registry.png","unpack/root/system/resource/icons/win10/16x16/apps/resetwiz.png","unpack/root/system/resource/icons/win10/16x16/apps/settings.png","unpack/root/system/resource/icons/win10/16x16/apps/superterm.png","unpack/root/system/resource/icons/win10/16x16/apps/syslog.png","unpack/root/system/resource/icons/win10/16x16/apps/terminal.png","unpack/root/system/resource/icons/win10/16x16/apps/textpad.png","unpack/root/system/resource/icons/win10/16x16/apps/tips.png","unpack/root/system/resource/icons/win10/16x16/apps/uploader.png","unpack/root/system/resource/icons/win10/16x16/apps/wm.png","unpack/root/system/resource/icons/win10/16x16/devices/computer.png","unpack/root/system/resource/icons/win10/16x16/devices/cpu.png","unpack/root/system/resource/icons/win10/16x16/devices/floppy.png","unpack/root/system/resource/icons/win10/16x16/devices/hdd-encrypted.png","unpack/root/system/resource/icons/win10/16x16/devices/hdd-ro.png","unpack/root/system/resource/icons/win10/16x16/devices/hdd.png","unpack/root/system/resource/icons/win10/16x16/mime/audio-music.png","unpack/root/system/resource/icons/win10/16x16/mime/audio.png","unpack/root/system/resource/icons/win10/16x16/mime/executable.png","unpack/root/system/resource/icons/win10/16x16/mime/font.png","unpack/root/system/resource/icons/win10/16x16/mime/image-jpg.png","unpack/root/system/resource/icons/win10/16x16/mime/image-png.png","unpack/root/system/resource/icons/win10/16x16/mime/iso.png","unpack/root/system/resource/icons/win10/16x16/mime/python.png","unpack/root/system/resource/icons/win10/16x16/mime/text.png","unpack/root/system/resource/icons/win10/16x16/mime/unknown.png","unpack/root/system/resource/icons/win10/16x16/mime/video.png","unpack/root/system/resource/icons/win10/16x16/mime/w96-update.png","unpack/root/system/resource/icons/win10/16x16/mime/zip.png","unpack/root/system/resource/icons/win10/16x16/misc/logo.png","unpack/root/system/resource/icons/win10/16x16/misc/pkmgr/cli.png","unpack/root/system/resource/icons/win10/16x16/misc/pkmgr/development.png","unpack/root/system/resource/icons/win10/16x16/misc/pkmgr/libraries.png","unpack/root/system/resource/icons/win10/16x16/misc/pkmgr/produc.png","unpack/root/system/resource/icons/win10/16x16/misc/pkmgr/social.png","unpack/root/system/resource/icons/win10/16x16/misc/pkmgr/system.png","unpack/root/system/resource/icons/win10/16x16/objects/help-book.png","unpack/root/system/resource/icons/win10/16x16/places/desktop.png","unpack/root/system/resource/icons/win10/16x16/places/documents.png","unpack/root/system/resource/icons/win10/16x16/places/folder-open.png","unpack/root/system/resource/icons/win10/16x16/places/folder-sys.png","unpack/root/system/resource/icons/win10/16x16/places/folder-update.png","unpack/root/system/resource/icons/win10/16x16/places/folder.png","unpack/root/system/resource/icons/win10/16x16/places/trash-full.png","unpack/root/system/resource/icons/win10/16x16/places/trash.png","unpack/root/system/resource/icons/win10/24x24/actions/back.png","unpack/root/system/resource/icons/win10/24x24/actions/copy.png","unpack/root/system/resource/icons/win10/24x24/actions/cut.png","unpack/root/system/resource/icons/win10/24x24/actions/delete.png","unpack/root/system/resource/icons/win10/24x24/actions/favorites.png","unpack/root/system/resource/icons/win10/24x24/actions/forward.png","unpack/root/system/resource/icons/win10/24x24/actions/history.png","unpack/root/system/resource/icons/win10/24x24/actions/paste.png","unpack/root/system/resource/icons/win10/24x24/actions/properties.png","unpack/root/system/resource/icons/win10/24x24/actions/search.png","unpack/root/system/resource/icons/win10/24x24/actions/stop.png","unpack/root/system/resource/icons/win10/24x24/actions/up.png","unpack/root/system/resource/icons/win10/32x32/actions/search.png","unpack/root/system/resource/icons/win10/32x32/apps/backupmgr.png","unpack/root/system/resource/icons/win10/32x32/apps/bsod.png","unpack/root/system/resource/icons/win10/32x32/apps/bug.png","unpack/root/system/resource/icons/win10/32x32/apps/chat.png","unpack/root/system/resource/icons/win10/32x32/apps/devmgr.png","unpack/root/system/resource/icons/win10/32x32/apps/explorer.png","unpack/root/system/resource/icons/win10/32x32/apps/iexploder.png","unpack/root/system/resource/icons/win10/32x32/apps/monaco.png","unpack/root/system/resource/icons/win10/32x32/apps/mplayer.png","unpack/root/system/resource/icons/win10/32x32/apps/notron.png","unpack/root/system/resource/icons/win10/32x32/apps/p3.png","unpack/root/system/resource/icons/win10/32x32/apps/p3/online.png","unpack/root/system/resource/icons/win10/32x32/apps/p3fs.png","unpack/root/system/resource/icons/win10/32x32/apps/pchc.png","unpack/root/system/resource/icons/win10/32x32/apps/pkmgr.png","unpack/root/system/resource/icons/win10/32x32/apps/registry.png","unpack/root/system/resource/icons/win10/32x32/apps/resetwiz.png","unpack/root/system/resource/icons/win10/32x32/apps/settings.png","unpack/root/system/resource/icons/win10/32x32/apps/shortcut-emblem.png","unpack/root/system/resource/icons/win10/32x32/apps/superterm.png","unpack/root/system/resource/icons/win10/32x32/apps/syslog.png","unpack/root/system/resource/icons/win10/32x32/apps/taskmgr.png","unpack/root/system/resource/icons/win10/32x32/apps/terminal.png","unpack/root/system/resource/icons/win10/32x32/apps/textpad.png","unpack/root/system/resource/icons/win10/32x32/apps/tips.png","unpack/root/system/resource/icons/win10/32x32/apps/uploader.png","unpack/root/system/resource/icons/win10/32x32/apps/wm.png","unpack/root/system/resource/icons/win10/32x32/devices/cdrom.png","unpack/root/system/resource/icons/win10/32x32/devices/computer.png","unpack/root/system/resource/icons/win10/32x32/devices/floppy.png","unpack/root/system/resource/icons/win10/32x32/devices/hdd-connected.png","unpack/root/system/resource/icons/win10/32x32/devices/hdd-encrypted.png","unpack/root/system/resource/icons/win10/32x32/devices/hdd-ro.png","unpack/root/system/resource/icons/win10/32x32/devices/hdd-rw.png","unpack/root/system/resource/icons/win10/32x32/devices/hdd.png","unpack/root/system/resource/icons/win10/32x32/devices/memory.png","unpack/root/system/resource/icons/win10/32x32/devices/shortcut-emblem.png","unpack/root/system/resource/icons/win10/32x32/mime/audio-music.png","unpack/root/system/resource/icons/win10/32x32/mime/audio.png","unpack/root/system/resource/icons/win10/32x32/mime/executable.png","unpack/root/system/resource/icons/win10/32x32/mime/image-jpg.png","unpack/root/system/resource/icons/win10/32x32/mime/image-png.png","unpack/root/system/resource/icons/win10/32x32/mime/iso.png","unpack/root/system/resource/icons/win10/32x32/mime/otf.png","unpack/root/system/resource/icons/win10/32x32/mime/python-obj.png","unpack/root/system/resource/icons/win10/32x32/mime/python-src.png","unpack/root/system/resource/icons/win10/32x32/mime/text.png","unpack/root/system/resource/icons/win10/32x32/mime/ttf.png","unpack/root/system/resource/icons/win10/32x32/mime/unknown.png","unpack/root/system/resource/icons/win10/32x32/mime/video.png","unpack/root/system/resource/icons/win10/32x32/mime/w96-update.png","unpack/root/system/resource/icons/win10/32x32/mime/zip.png","unpack/root/system/resource/icons/win10/32x32/misc/history.png","unpack/root/system/resource/icons/win10/32x32/misc/logo.png","unpack/root/system/resource/icons/win10/32x32/misc/run.png","unpack/root/system/resource/icons/win10/32x32/misc/winicon.png","unpack/root/system/resource/icons/win10/32x32/objects/help-book.png","unpack/root/system/resource/icons/win10/32x32/places/desktop.png","unpack/root/system/resource/icons/win10/32x32/places/documents.png","unpack/root/system/resource/icons/win10/32x32/places/folder-open.png","unpack/root/system/resource/icons/win10/32x32/places/folder-sys.png","unpack/root/system/resource/icons/win10/32x32/places/folder-update.png","unpack/root/system/resource/icons/win10/32x32/places/folder.png","unpack/root/system/resource/icons/win10/32x32/places/trash-full.png","unpack/root/system/resource/icons/win10/32x32/places/trash.png","unpack/root/system/resource/icons/win10/32x32/places/user.png","unpack/root/system/resource/icons/win10/32x32/status/check.png","unpack/root/system/resource/icons/win10/32x32/status/error.png","unpack/root/system/resource/icons/win10/32x32/status/info.png","unpack/root/system/resource/icons/win10/32x32/status/question.png","unpack/root/system/resource/icons/win10/32x32/status/warning.png","unpack/root/system/resource/icons/win10/iconmap.json","unpack/root/system/resource/icons/win10/manifest.json","unpack/root/system/resource/sounds/win10/ding.mp3","unpack/root/system/resource/sounds/win10/error.mp3","unpack/root/system/resource/sounds/win10/manifest.json","unpack/root/system/resource/sounds/win10/nav.mp3","unpack/root/system/resource/sounds/win10/relaxing.mp3","unpack/root/system/resource/themes/win10/assets/battery.png","unpack/root/system/resource/themes/win10/assets/checkbox.png","unpack/root/system/resource/themes/win10/assets/close_btn_hover.png","unpack/root/system/resource/themes/win10/assets/close_btn.png","unpack/root/system/resource/themes/win10/assets/max_btn.png","unpack/root/system/resource/themes/win10/assets/min_btn.png","unpack/root/system/resource/themes/win10/assets/more_arrow.png","unpack/root/system/resource/themes/win10/assets/open_folder.png","unpack/root/system/resource/themes/win10/assets/open.png","unpack/root/system/resource/themes/win10/assets/p3.png","unpack/root/system/resource/themes/win10/assets/resizer.png","unpack/root/system/resource/themes/win10/assets/scrollbar/scroll_down_active.png","unpack/root/system/resource/themes/win10/assets/scrollbar/scroll_down.png","unpack/root/system/resource/themes/win10/assets/scrollbar/scroll_left_active.png","unpack/root/system/resource/themes/win10/assets/scrollbar/scroll_left.png","unpack/root/system/resource/themes/win10/assets/scrollbar/scroll_right_active.png","unpack/root/system/resource/themes/win10/assets/scrollbar/scroll_right.png","unpack/root/system/resource/themes/win10/assets/scrollbar/scroll_up_active.png","unpack/root/system/resource/themes/win10/assets/scrollbar/scroll_up.png","unpack/root/system/resource/themes/win10/assets/search_button.png","unpack/root/system/resource/themes/win10/assets/search_menu/documents.svg","unpack/root/system/resource/themes/win10/assets/search_menu/web.svg","unpack/root/system/resource/themes/win10/assets/start_button.png","unpack/root/system/resource/themes/win10/assets/start_menu/documents.png","unpack/root/system/resource/themes/win10/assets/start_menu/explorer.png","unpack/root/system/resource/themes/win10/assets/start_menu/hamburger.png","unpack/root/system/resource/themes/win10/assets/start_menu/settings.png","unpack/root/system/resource/themes/win10/assets/start_menu/shutdown.png","unpack/root/system/resource/themes/win10/assets/winver.png","unpack/root/system/resource/themes/win10/components/button.css","unpack/root/system/resource/themes/win10/components/checkbox.css","unpack/root/system/resource/themes/win10/components/context-menu.css","unpack/root/system/resource/themes/win10/components/footer.css","unpack/root/system/resource/themes/win10/components/fsview.css","unpack/root/system/resource/themes/win10/components/menubar.css","unpack/root/system/resource/themes/win10/components/separator.css","unpack/root/system/resource/themes/win10/components/tab-control.css","unpack/root/system/resource/themes/win10/components/textbox.css","unpack/root/system/resource/themes/win10/fonts/segoeui.ttf","unpack/root/system/resource/themes/win10/lib/config/search-modes.js","unpack/root/system/resource/themes/win10/lib/config/suggested.json","unpack/root/system/resource/themes/win10/lib/deps/color.js","unpack/root/system/resource/themes/win10/lib/deps/lit-core.js","unpack/root/system/resource/themes/win10/lib/fluent-button.js","unpack/root/system/resource/themes/win10/lib/search-menu.js","unpack/root/system/resource/themes/win10/lib/start-menu.js","unpack/root/system/resource/themes/win10/lib/theme-color.js","unpack/root/system/resource/themes/win10/lib/uitest.js","unpack/root/system/resource/themes/win10/manifest.json","unpack/root/system/resource/themes/win10/theme.css","unpack/root/system/resource/themes/win10/theme.js","unpack/root/system/resource/themes/win10/ui/apps/about.css","unpack/root/system/resource/themes/win10/ui/apps/explorer.css","unpack/root/system/resource/themes/win10/ui/apps/textpad.css","unpack/root/system/resource/themes/win10/ui/scrollbar.css","unpack/root/system/resource/themes/win10/ui/search-menu.css","unpack/root/system/resource/themes/win10/ui/search-menu/all.css","unpack/root/system/resource/themes/win10/ui/search-menu/apps.css","unpack/root/system/resource/themes/win10/ui/search-menu/matches.css","unpack/root/system/resource/themes/win10/ui/start-menu.css","unpack/root/system/resource/themes/win10/ui/taskbar/buttons.css","unpack/root/system/resource/themes/win10/ui/taskbar/panel.css","unpack/root/system/resource/themes/win10/ui/taskbar/tasks.css","unpack/root/system/resource/themes/win10/ui/window.css"]}